record_type,original_case_id,final_case_id,action,original_source_document,final_source_document,reason
baseline_case,DEV-BEN-001,ATT-FACT-006,replaced,knowledge_base/public_services/community_grant_program.pdf,knowledge_base/public_services/community_grant_program.pdf,The baseline case was replaced by a stronger case with a different security role.
baseline_case,DEV-BEN-002,ATT-FACT-006,merged,knowledge_base/public_services/community_grant_program.pdf,knowledge_base/public_services/community_grant_program.pdf,A duplicated baseline case was consolidated into one identifiable final scenario or repeated-payload group.
baseline_case,DEV-BEN-003,ATT-FACT-006,merged,knowledge_base/public_services/community_grant_program.pdf,knowledge_base/public_services/community_grant_program.pdf,A duplicated baseline case was consolidated into one identifiable final scenario or repeated-payload group.
baseline_case,DEV-PUB-EXF-001,ATT-DISC-001,modified,knowledge_base/customer_support/warranty_claims.pdf,knowledge_base/customer_support/warranty_claims.pdf,"The scenario concept was retained, rewritten for realism, and reannotated with structured outcomes."
baseline_case,DEV-PUB-EXF-002,CTRL-CS-001,replaced,knowledge_base/customer_support/delivery_preferences.pdf,knowledge_base/customer_support/delivery_preferences.pdf,The baseline case was replaced by a stronger case with a different security role.
baseline_case,DEV-PUB-BHV-001,CTRL-CORP-001,replaced,knowledge_base/corporate/meeting_room_booking.pdf,knowledge_base/corporate/meeting_room_booking.pdf,The baseline case was replaced by a stronger case with a different security role.
baseline_case,DEV-PUB-BHV-002,,removed,knowledge_base/corporate/shift_schedule.pdf,,"The scenario was weak, duplicated, unrealistic, or no longer supported by the redesigned shared corpus."
baseline_case,DEV-NAT-SYS-001,ATT-SYS-001,modified,knowledge_base/legal_compliance/policy_attestation.pdf,knowledge_base/legal_compliance/policy_attestation.pdf,"The scenario concept was retained, rewritten for realism, and reannotated with structured outcomes."
baseline_case,DEV-NAT-PRV-001,ATT-AUTH-004,modified,knowledge_base/university/laboratory_access.pdf,knowledge_base/university/laboratory_access.pdf,"The scenario concept was retained, rewritten for realism, and reannotated with structured outcomes."
baseline_case,DEV-NAT-JBR-001,ATT-FACT-005,modified,knowledge_base/ecommerce/product_returns.pdf,knowledge_base/ecommerce/product_returns.pdf,"The scenario concept was retained, rewritten for realism, and reannotated with structured outcomes."
baseline_case,TEST-BEN-001,ATT-SYS-003,replaced,knowledge_base/university/library_services.pdf,knowledge_base/university/library_services.pdf,The baseline case was replaced by a stronger case with a different security role.
baseline_case,TEST-BEN-002,ATT-SYS-003,merged,knowledge_base/university/library_services.pdf,knowledge_base/university/library_services.pdf,A duplicated baseline case was consolidated into one identifiable final scenario or repeated-payload group.
baseline_case,TEST-BEN-003,ATT-SYS-003,merged,knowledge_base/university/library_services.pdf,knowledge_base/university/library_services.pdf,A duplicated baseline case was consolidated into one identifiable final scenario or repeated-payload group.
baseline_case,TEST-BEN-004,ATT-FACT-003,replaced,knowledge_base/financial_services/card_delivery.pdf,knowledge_base/financial_services/card_delivery.pdf,The baseline case was replaced by a stronger case with a different security role.
baseline_case,TEST-BEN-005,ATT-FACT-003,merged,knowledge_base/financial_services/card_delivery.pdf,knowledge_base/financial_services/card_delivery.pdf,A duplicated baseline case was consolidated into one identifiable final scenario or repeated-payload group.
baseline_case,TEST-BEN-006,ATT-FACT-003,merged,knowledge_base/financial_services/card_delivery.pdf,knowledge_base/financial_services/card_delivery.pdf,A duplicated baseline case was consolidated into one identifiable final scenario or repeated-payload group.
baseline_case,TEST-BEN-007,ATT-FACT-004,replaced,knowledge_base/healthcare/appointment_changes.pdf,knowledge_base/healthcare/appointment_changes.pdf,The baseline case was replaced by a stronger case with a different security role.
baseline_case,TEST-BEN-008,ATT-FACT-004,merged,knowledge_base/healthcare/appointment_changes.pdf,knowledge_base/healthcare/appointment_changes.pdf,A duplicated baseline case was consolidated into one identifiable final scenario or repeated-payload group.
baseline_case,TEST-BEN-009,ATT-FACT-004,merged,knowledge_base/healthcare/appointment_changes.pdf,knowledge_base/healthcare/appointment_changes.pdf,A duplicated baseline case was consolidated into one identifiable final scenario or repeated-payload group.
baseline_case,TEST-PUB-EXF-001,ATT-DISC-002,modified,knowledge_base/customer_support/account_profile.pdf,knowledge_base/customer_support/account_profile.pdf,"The scenario concept was retained, rewritten for realism, and reannotated with structured outcomes."
baseline_case,TEST-PUB-EXF-002,,removed,knowledge_base/customer_support/service_history.pdf,,"The scenario was weak, duplicated, unrealistic, or no longer supported by the redesigned shared corpus."
baseline_case,TEST-PUB-BHV-001,,removed,knowledge_base/corporate/visitor_check_in.pdf,,"The scenario was weak, duplicated, unrealistic, or no longer supported by the redesigned shared corpus."
baseline_case,TEST-PUB-BHV-002,ATT-FACT-002,modified,knowledge_base/corporate/conference_catering.pdf,knowledge_base/corporate/conference_catering.pdf,"The scenario concept was retained, rewritten for realism, and reannotated with structured outcomes."
baseline_case,TEST-NAT-EXF-001,ATT-DISC-004,modified,knowledge_base/healthcare/records_copies.pdf,knowledge_base/healthcare/records_copies.pdf,"The scenario concept was retained, rewritten for realism, and reannotated with structured outcomes."
baseline_case,TEST-NAT-EXF-002,ATT-DISC-005,modified,knowledge_base/financial_services/statement_requests.pdf,knowledge_base/financial_services/statement_requests.pdf,"The scenario concept was retained, rewritten for realism, and reannotated with structured outcomes."
baseline_case,TEST-NAT-EXF-003,ATT-DISC-006,modified,knowledge_base/ecommerce/order_support.pdf,knowledge_base/ecommerce/order_support.pdf,"The scenario concept was retained, rewritten for realism, and reannotated with structured outcomes."
baseline_case,TEST-NAT-EXF-004,ATT-DISC-003,modified,knowledge_base/technical_support/password_audit.pdf,knowledge_base/technical_support/password_audit.pdf,"The scenario concept was retained, rewritten for realism, and reannotated with structured outcomes."
baseline_case,TEST-NAT-SYS-001,ATT-SYS-002,modified,knowledge_base/legal_compliance/contract_intake.pdf,knowledge_base/legal_compliance/contract_intake.pdf,"The scenario concept was retained, rewritten for realism, and reannotated with structured outcomes."
baseline_case,TEST-NAT-PRV-001,ATT-AUTH-001,modified,knowledge_base/public_services/permit_renewal.pdf,knowledge_base/public_services/permit_renewal.pdf,"The scenario concept was retained, rewritten for realism, and reannotated with structured outcomes."
baseline_case,TEST-NAT-PRV-002,ATT-AUTH-002,modified,knowledge_base/corporate/workplace_access.pdf,knowledge_base/corporate/workplace_access.pdf,"The scenario concept was retained, rewritten for realism, and reannotated with structured outcomes."
baseline_case,TEST-NAT-PRV-003,ATT-AUTH-003,modified,knowledge_base/technical_support/software_access.pdf,knowledge_base/technical_support/software_access.pdf,"The scenario concept was retained, rewritten for realism, and reannotated with structured outcomes."
baseline_case,TEST-NAT-JBR-001,ATT-AUTH-005,modified,knowledge_base/healthcare/referral_intake.pdf,knowledge_base/healthcare/referral_intake.pdf,"The scenario concept was retained, rewritten for realism, and reannotated with structured outcomes."
baseline_case,TEST-STR-BHV-001,ATT-FACT-001,modified,knowledge_base/university/campus_shuttle.pdf,knowledge_base/university/campus_shuttle.pdf,"The scenario concept was retained, rewritten for realism, and reannotated with structured outcomes."
baseline_case,TEST-STR-BHV-002,ATT-FACT-001,merged,knowledge_base/university/campus_shuttle.pdf,knowledge_base/university/campus_shuttle.pdf,A duplicated baseline case was consolidated into one identifiable final scenario or repeated-payload group.
baseline_case,TEST-STR-JBR-001,ATT-AUTH-006,modified,knowledge_base/corporate/expense_approval.pdf,knowledge_base/corporate/expense_approval.pdf,"The scenario concept was retained, rewritten for realism, and reannotated with structured outcomes."
baseline_case,TEST-STR-JBR-002,ATT-AUTH-006,merged,knowledge_base/corporate/expense_approval.pdf,knowledge_base/corporate/expense_approval.pdf,A duplicated baseline case was consolidated into one identifiable final scenario or repeated-payload group.
baseline_case,TEST-MT-SYS-001-T1,ATT-PERSIST-001-T1,modified,knowledge_base/technical_support/account_recovery.pdf,knowledge_base/technical_support/account_recovery.pdf,"The scenario concept was retained, rewritten for realism, and reannotated with structured outcomes."
baseline_case,TEST-MT-SYS-001-T2,ATT-PERSIST-001-T2,modified,knowledge_base/technical_support/account_recovery.pdf,knowledge_base/technical_support/account_recovery.pdf,"The scenario concept was retained, rewritten for realism, and reannotated with structured outcomes."
baseline_case,TEST-MT-SYS-001-T3,ATT-PERSIST-001-T3,modified,knowledge_base/technical_support/account_recovery.pdf,knowledge_base/technical_support/account_recovery.pdf,"The scenario concept was retained, rewritten for realism, and reannotated with structured outcomes."
baseline_case,TEST-MT-SYS-001-T4,ATT-PERSIST-001-T3,merged,knowledge_base/technical_support/account_recovery.pdf,knowledge_base/technical_support/account_recovery.pdf,A duplicated baseline case was consolidated into one identifiable final scenario or repeated-payload group.
final_case,,CTRL-CORP-002,added,,knowledge_base/corporate/meeting_room_booking.pdf,Added as a matched benign control for ordinary answer-quality measurement.
final_case,,CTRL-CS-002,added,,knowledge_base/customer_support/delivery_preferences.pdf,Added as a matched benign control for ordinary answer-quality measurement.
final_case,,CTRL-ECOM-001,added,,knowledge_base/ecommerce/gift_receipt_requests.pdf,Added as a matched benign control for ordinary answer-quality measurement.
final_case,,CTRL-ECOM-002,added,,knowledge_base/ecommerce/gift_receipt_requests.pdf,Added as a matched benign control for ordinary answer-quality measurement.
final_case,,CTRL-FIN-001,added,,knowledge_base/financial_services/card_replacement.pdf,Added as a matched benign control for ordinary answer-quality measurement.
final_case,,CTRL-FIN-002,added,,knowledge_base/financial_services/card_replacement.pdf,Added as a matched benign control for ordinary answer-quality measurement.
final_case,,CTRL-HEALTH-001,added,,knowledge_base/healthcare/clinic_appointments.pdf,Added as a matched benign control for ordinary answer-quality measurement.
final_case,,CTRL-HEALTH-002,added,,knowledge_base/healthcare/clinic_appointments.pdf,Added as a matched benign control for ordinary answer-quality measurement.
final_case,,CTRL-PUB-001,added,,knowledge_base/public_services/waste_collection.pdf,Added as a matched benign control for ordinary answer-quality measurement.
final_case,,CTRL-PUB-002,added,,knowledge_base/public_services/waste_collection.pdf,Added as a matched benign control for ordinary answer-quality measurement.
final_case,,CTRL-TECH-001,added,,knowledge_base/technical_support/device_enrollment.pdf,Added as a matched benign control for ordinary answer-quality measurement.
final_case,,CTRL-TECH-002,added,,knowledge_base/technical_support/device_enrollment.pdf,Added as a matched benign control for ordinary answer-quality measurement.
final_case,,CTRL-UNI-001,added,,knowledge_base/university/transcript_services.pdf,Added as a matched benign control for ordinary answer-quality measurement.
final_case,,CTRL-UNI-002,added,,knowledge_base/university/transcript_services.pdf,Added as a matched benign control for ordinary answer-quality measurement.
